date,closed_pnl,size_usd,num_traders,timestamp,value,classification,pnl_rolling,num_trader_rolling,size_usd_rolling,profitablity,profitable
2023-05-01,0.0,159.0,3,1682919000.0,63.0,Greed,,,,False,False
2023-12-05,0.0,5556.203333333334,9,1701754200.0,75.0,Extreme Greed,,,,False,False
2023-12-14,-205.43473700000007,10291.213636363636,11,1702531800.0,72.0,Greed,,,,False,False
2023-12-15,-24.632033999999997,5304.975,2,1702618200.0,70.0,Greed,,,,False,False
2023-12-16,0.0,5116.256666666667,3,1702704600.0,67.0,Greed,,,,False,False
2023-12-17,304.982785,8305.572857142857,14,1702791000.0,73.0,Greed,,,,True,True
2023-12-18,0.0,15582.089999999998,2,1702877400.0,65.0,Greed,10.702287714285701,6.285714285714286,7187.901641929499,False,False
2023-12-19,1000.5386120000001,6106.827333333334,15,1702963800.0,73.0,Greed,153.63637514285713,8.0,8037.5912609771185,True,True
2023-12-20,162.732282,7868.710555555556,18,1703050200.0,74.0,Greed,176.88384399999998,9.285714285714286,8367.949435580293,True,True
2023-12-21,537.211402,2555.795306122449,49,1703136600.0,70.0,Greed,282.9761495714286,14.714285714285714,7262.889674117266,True,True
2023-12-22,141.832675,8887.428,10,1703223000.0,74.0,Greed,306.7568222857143,15.857142857142858,7774.668674117266,True,True
2023-12-23,146.936704,6033.711538461538,13,1703309400.0,70.0,Greed,327.74778000000003,17.285714285714285,7905.733655802248,True,True
2023-12-24,1008.619956,10332.177948717948,39,1703395800.0,71.0,Greed,428.26737585714284,20.857142857142858,8195.248668884404,True,True
2023-12-25,-245.081348,19982.836666666666,3,1703482200.0,73.0,Greed,393.25575471428573,21.0,8823.926764122498,False,False
2023-12-27,-704.8892269999999,6121.823571428571,28,1703655000.0,73.0,Greed,149.6232062857143,22.857142857142858,8826.069083850389,False,False
2023-12-28,-970.730876,4352.923913043478,23,1703741400.0,73.0,Greed,-12.300101999999972,23.571428571428573,8323.813849205808,False,False
2023-12-29,508.92214299999995,11391.1944,50,1703827800.0,65.0,Greed,-16.341424714285715,23.714285714285715,9586.013719759745,True,True
2023-12-30,354.998648,13510.58096153846,52,1703914200.0,68.0,Greed,14.110857142857144,29.714285714285715,10246.464142836665,True,True
2024-01-01,-129.53146,14679.973888888888,18,1704087000.0,65.0,Greed,-25.384594857142854,30.428571428571427,11481.644478612001,False,False
2024-01-02,783.979116,7138.1611764705885,17,1704173400.0,71.0,Greed,-57.47614342857144,27.285714285714285,11025.35636829095,True,True
2024-01-03,866.015507,5888.050149253731,67,1704259800.0,70.0,Greed,101.2519787142857,36.42857142857143,9011.815437231959,True,True
2024-01-04,-67.60364,19958.508,5,1704346200.0,68.0,Greed,192.29277685714283,33.142857142857146,10988.484641313593,False,False
2024-01-05,164.141565,25817.31303030303,66,1704432600.0,72.0,Greed,354.4174112857142,39.285714285714285,14054.825943779244,True,True
2024-01-06,135.58166400000002,13569.154545454547,22,1704519000.0,70.0,Greed,301.0830571428572,35.285714285714285,14365.963107415606,True,True
2024-01-07,-835.681235,10812.887216494846,97,1704605400.0,71.0,Greed,130.98593099999997,41.714285714285715,13980.57828669509,False,False
2024-01-08,-269.874439,11894.159609375,128,1704691800.0,71.0,Greed,110.93693399999997,57.42857142857143,13582.604818193107,False,False
2024-01-09,-826.349863,12429.313857142857,70,1704778200.0,76.0,Extreme Greed,-119.11006300000005,65.0,14338.48377257486,False,False
2024-01-10,-1517.091342,10660.515440414507,193,1704864600.0,73.0,Greed,-459.55389857142865,83.0,15020.264528454969,False,False
2024-01-11,-164.08950099999998,14538.766666666666,21,1704951000.0,76.0,Extreme Greed,-473.3375930000001,85.28571428571429,14246.015766550208,False,False
2024-01-12,-1925.519024,28583.181428571428,7,1705037400.0,71.0,Greed,-771.8605342857144,76.85714285714286,14641.139823445692,False,False
2024-01-15,152.85358,3616.8642857142854,14,1705296600.0,52.0,Neutral,-769.3931177142857,75.71428571428571,13219.384072054227,True,True
2024-01-16,-2299.171458,12936.37,9,1705383000.0,64.0,Greed,-978.4631495714285,63.142857142857146,13522.738755412105,False,False
2024-01-17,813.2741110000001,15110.019433962265,53,1705469400.0,60.0,Greed,-823.7276424285714,52.42857142857143,13982.147301781715,True,True
2024-01-18,68.93319,9231.120217391304,46,1705555800.0,63.0,Greed,-695.8300634285714,49.0,13525.262496102921,True,True
2024-01-19,-385.419235,8925.603541666665,48,1705642200.0,51.0,Neutral,-534.1626195714285,28.285714285714285,13277.417939138946,False,False
2024-01-20,-146.57487000000003,10095.193490566038,106,1705728600.0,52.0,Neutral,-531.6605294285714,40.42857142857143,12642.621771124568,False,False
2024-01-21,266.58114600000005,9375.43090909091,11,1705815000.0,56.0,Greed,-218.50336228571427,41.0,9898.657411198781,True,True
2024-01-22,1375.640959,3975.0469411764707,85,1705901400.0,55.0,Greed,-43.81945099999997,51.142857142857146,9949.826361979094,True,True
2024-01-23,-369.2447299999998,9211.531777777778,45,1705987800.0,50.0,Neutral,231.8843672857143,56.285714285714285,9417.706615947347,False,False
2024-01-24,-2808.353815,14192.42044117647,68,1706074200.0,48.0,Neutral,-285.49105071428573,58.42857142857143,9286.621045549377,False,False
2024-01-25,-3093.6293849999997,11094.355000000001,6,1706160600.0,52.0,Neutral,-737.2857042857142,52.714285714285715,9552.797443064905,False,False
2024-01-26,90.2,2354.642,5,1706247000.0,49.0,Neutral,-669.3400992857142,46.57142857142857,8614.088651398239,True,True
2024-01-28,-2478.06972,1646.2754545454545,11,1706419800.0,54.0,Neutral,-1002.410792142857,33.0,7407.100360538155,False,False
2024-01-29,486.562542,5597.407837837838,74,1706506200.0,55.0,Greed,-970.9848784285714,42.0,6867.382778930573,True,True
2024-01-30,-173.65419100000003,8183.905714285715,49,1706592600.0,61.0,Greed,-1192.312757,36.857142857142854,7468.648317946179,False,False
2024-01-31,-799.840817,7340.683504074505,859,1706679000.0,60.0,Greed,-1253.8264837142856,153.14285714285714,7201.384278845711,False,False
2024-02-01,0.0,334.69666666666666,6,1706765400.0,63.0,Greed,-852.6330815714285,144.28571428571428,5221.70945391574,False,False
2024-02-02,456.423473,11292.343571428572,42,1706851800.0,63.0,Greed,-345.4826732857144,149.42857142857142,5249.993535548392,True,True
2024-02-03,223.30918699999998,10782.5,56,1706938200.0,60.0,Greed,-326.4670751428572,156.71428571428572,6453.973249834106,True,True
2024-02-04,47.62389499999999,5805.358,35,1707024600.0,60.0,Greed,34.34629842857136,160.14285714285714,7048.127899184757,True,True
2024-02-05,-33.45419400000003,10697.198055555556,72,1707111000.0,60.0,Greed,-39.94180671428579,159.85714285714286,7776.669358858716,False,False
2024-02-06,-215.615907,7396.280707720588,1088,1707197400.0,64.0,Greed,-45.93633757142864,308.2857142857143,7664.1515007779835,False,False
2024-02-07,241.24212,450.582,15,1707283800.0,62.0,Greed,102.78979628571422,187.71428571428572,6679.8512859101975,True,True
2024-02-08,770.756024,2605.112,10,1707370200.0,66.0,Greed,212.89779971428564,188.28571428571428,7004.196333529246,True,True
2024-02-11,983.443176,6244.465294117647,34,1707629400.0,71.0,Greed,288.18632871428565,187.14285714285714,6283.070865341971,True,True
2024-02-12,913.8817869999998,14202.981249999999,16,1707715800.0,70.0,Greed,386.83955728571425,181.42857142857142,6771.7110439133985,True,True
2024-02-13,559.44389,142.85642857142858,14,1707802200.0,79.0,Extreme Greed,459.95669942857137,178.42857142857142,5962.782247995032,True,True
2024-02-14,3830.599833,2890.4493693693694,111,1707888600.0,74.0,Greed,1011.9644175714285,184.0,4847.532435682719,True,True
2024-02-15,1840.797677,2939.4926984126987,63,1707975000.0,72.0,Greed,1305.7377867142857,37.57142857142857,4210.84843435302,True,True
2024-02-16,5491.768834,3103.826978021978,182,1708061400.0,72.0,Greed,2055.8130315714284,61.42857142857143,4589.883431213303,True,True
2024-02-17,1929.6418,4320.405,94,1708147800.0,76.0,Extreme Greed,2221.368142428571,73.42857142857143,4834.925288356159,True,True
2024-02-18,477.6248299999999,1619.0532989690723,97,1708234200.0,72.0,Greed,2149.1083787142857,82.42857142857143,4174.152146192077,True,True
2024-02-19,4317.768563,2835.417821782178,101,1708320600.0,75.0,Extreme Greed,2635.377918142857,94.57142857142857,2550.2145135895325,True,True
2024-02-20,3263.628824,3062.0441025641026,39,1708407000.0,72.0,Greed,3021.6900515714287,98.14285714285714,2967.2413241599143,True,True
2024-02-21,1858.7985700000002,4911.250909090909,22,1708493400.0,78.0,Extreme Greed,2740.004156857143,85.42857142857143,3255.9272584058485,True,True
2024-02-22,3894.1050699999996,4239.02125,88,1708579800.0,74.0,Greed,3033.333784428571,89.0,3441.5741943468915,True,True
2024-02-23,1418.55293,776.966013986014,143,1708666200.0,76.0,Extreme Greed,2451.4457981428573,83.42857142857143,3109.1654851988965,True,True
2024-02-25,-30.7705,896.0260000000001,5,1708839000.0,74.0,Greed,2171.3868981428573,70.71428571428571,2619.9684851988964,False,False
2024-02-26,4416.8473,4927.875384615385,39,1708925400.0,72.0,Greed,2734.1329652857144,62.42857142857143,3092.6573545769415,True,True
2024-02-27,888.511733,3323.2111111111108,63,1709011800.0,79.0,Extreme Greed,2244.2391324285713,57.0,3162.34211019536,True,True
2024-02-28,2503.747235,3802.380666666667,45,1709098200.0,82.0,Extreme Greed,2135.684619714286,57.857142857142854,3268.1044764957264,True,True
2024-02-29,9813.996992,3410.9200862068965,116,1709184600.0,80.0,Extreme Greed,3272.141537142857,71.28571428571429,3053.771501798011,True,True
2024-03-01,8244.241409,3452.370072992701,137,1709271000.0,80.0,Extreme Greed,3893.5895855714293,78.28571428571429,2941.392762225539,True,True
2024-03-02,230.90060000000005,2038.6309677419354,31,1709357400.0,80.0,Extreme Greed,3723.924967,62.285714285714285,3121.630612762099,True,True
2024-03-03,8361.086245,4946.1478481012655,79,1709443800.0,83.0,Extreme Greed,4922.761644857143,72.85714285714286,3700.2194482051377,True,True
2024-03-04,27799.775742,5259.989566666667,300,1709530200.0,82.0,Extreme Greed,8263.179993714286,110.14285714285714,3747.664331355321,True,True
2024-03-05,19791.026041,4676.724,180,1709616600.0,90.0,Extreme Greed,10963.53918057143,126.85714285714286,3941.0233154823045,True,True
2024-03-06,6814.825139,3990.4636585365856,82,1709703000.0,75.0,Extreme Greed,11579.407452571428,132.14285714285714,3967.8923143208644,True,True
2024-03-08,4271.886236,2740.047462686567,67,1709875800.0,81.0,Extreme Greed,10787.67734457143,125.14285714285714,3872.0533681036745,True,True
2024-03-09,9949.501624,5625.459401709401,117,1709962200.0,84.0,Extreme Greed,11031.285946714286,122.28571428571429,4182.494700777489,True,True
2024-03-10,2482.9272,5237.472619047619,42,1710048600.0,79.0,Extreme Greed,11353.004032428571,123.85714285714286,4639.472079535444,True,True
2024-03-11,3588.179495,4202.844047619047,42,1710135000.0,82.0,Extreme Greed,10671.160210999999,118.57142857142857,4533.285822323698,True,True
2024-03-12,3039.166,12880.10625,8,1710221400.0,81.0,Extreme Greed,7133.930247857143,76.85714285714286,5621.8739199427455,True,True
2024-03-13,0.0,857.2571428571428,7,1710307800.0,81.0,Extreme Greed,4306.640813428571,52.142857142857146,5076.235797493767,False,False
2024-03-14,3465.865832,11440.732222222221,18,1710394200.0,88.0,Extreme Greed,3828.218055285714,43.0,6140.559878020285,True,True
2024-03-15,6236.513651,5675.71629032258,62,1710480600.0,83.0,Extreme Greed,4108.8791145714285,42.285714285714285,6559.9411391111435,True,True
2024-03-16,228.57984,4652.9575,8,1710567000.0,81.0,Extreme Greed,2720.1760025714284,26.714285714285715,6421.0122960098015,True,True
2024-03-17,503.293955,4326.389130434783,23,1710653400.0,79.0,Extreme Greed,2437.371253285714,24.0,6290.857511922253,True,True
2024-03-18,1456.9577,4760.951578947369,19,1710739800.0,77.0,Extreme Greed,2132.910996857143,20.714285714285715,6370.587159254871,True,True
2024-03-19,668.797973,9161.868333333334,24,1710826200.0,79.0,Extreme Greed,1794.286993,23.0,5839.410314016776,True,True
2024-03-20,6423.134599,3126.171739130435,69,1710912600.0,74.0,Greed,2711.87765,31.857142857142858,6163.540970627247,True,True
2024-03-21,2335.5080749999997,4210.556071428572,28,1710999000.0,78.0,Extreme Greed,2550.3979704285716,33.285714285714285,5130.65866337101,True,True
2024-03-24,1297.018477,4873.274210526315,19,1711258200.0,74.0,Greed,1844.7558027142857,27.142857142857142,5016.024080542972,True,True
2024-03-25,1302.916428,8159.4742857142855,7,1711344600.0,75.0,Extreme Greed,1998.232458142857,27.0,5516.955049930728,True,True
2024-03-26,3215.906593,1682.7558474576272,118,1711431000.0,81.0,Extreme Greed,2385.7485492857145,40.57142857142857,5139.293152362562,True,True
2024-03-27,150.41114,2628.020789473684,38,1711517400.0,83.0,Extreme Greed,2199.099040714286,43.285714285714285,4834.588753866322,True,True
2024-03-28,227.85100799999998,2717.209230769231,13,1711603800.0,80.0,Extreme Greed,2136.106617142857,41.714285714285715,3913.9231677857356,True,True
2024-03-29,883.097404,5794.291333333333,15,1711690200.0,79.0,Extreme Greed,1344.672732142857,34.0,4295.083109814721,True,True
2024-03-30,1100.57514,2246.753777777778,45,1711776600.0,75.0,Extreme Greed,1168.2537414285714,36.42857142857143,4014.5399250074647,True,True
2024-03-31,912.786145,3070.2276923076925,13,1711863000.0,75.0,Extreme Greed,1113.3634082857145,35.57142857142857,3756.9618509762327,True,True
2024-04-01,2507.963406,4408.7074025974025,77,1711949400.0,79.0,Extreme Greed,1285.5129765714285,45.57142857142857,3221.138010530964,True,True
2024-04-02,883.760812,5845.475853658536,41,1712035800.0,79.0,Extreme Greed,952.3492935714286,34.57142857142857,3815.812297131094,True,True
2024-04-03,126.7884,4221.8925,4,1712122200.0,71.0,Greed,948.9746164285715,29.714285714285715,4043.50825577771,True,True
2024-04-04,0.0,2999.6165625,32,1712208600.0,70.0,Greed,916.4244724285714,32.42857142857143,4083.852160310678,False,False
2024-04-05,10706.484306,5037.918,100,1712295000.0,79.0,Extreme Greed,2319.7654584285715,44.57142857142857,3975.798826977344,True,True
2024-04-06,236.33513399999998,4263.979375,16,1712381400.0,75.0,Extreme Greed,2196.3026004285716,40.42857142857143,4263.973912294804,True,True
2024-04-07,0.0,2173.397391304348,23,1712467800.0,78.0,Extreme Greed,2065.904579714286,41.857142857142854,4135.855297865755,False,False
2024-04-08,1218.4267,7064.688,30,1712554200.0,76.0,Extreme Greed,1881.6850502857144,35.142857142857146,4515.281097494698,True,True
2024-04-09,0.0,19021.280000000002,3,1712640600.0,80.0,Extreme Greed,1755.4335057142857,29.714285714285715,6397.538832686335,False,False
2024-04-10,5207.443414,8578.926097560974,41,1712727000.0,78.0,Extreme Greed,2481.241364857143,35.0,7019.972203766474,True,True
2024-04-11,389.743164,4775.06,16,1712813400.0,76.0,Extreme Greed,2536.918959714286,32.714285714285715,7273.606980552189,True,True
2024-04-12,-592.6458390000001,3427.0433333333335,129,1712899800.0,79.0,Extreme Greed,922.7575104285714,36.857142857142854,7043.482028171236,False,False
2024-04-13,6621.451755,5465.294943820225,89,1712986200.0,72.0,Greed,1834.9170277142857,47.285714285714285,7215.098538002697,True,True
2024-04-14,-36104.012520000004,6160.394112149533,107,1713072600.0,72.0,Greed,-3322.799046571429,59.285714285714285,7784.669498123439,False,False
2024-04-15,3774.08872,7100.272926829269,41,1713159000.0,74.0,Greed,-2957.7044722857145,60.857142857142854,7789.753059099048,True,True
2024-04-16,2467.702221,3870.3653191489366,47,1713245400.0,65.0,Greed,-2605.175583571429,67.14285714285714,5625.336676120324,True,True
2024-04-17,2441.4683999999997,6968.785000000001,14,1713331800.0,67.0,Greed,-3000.3148712857146,63.285714285714285,5395.3165193259,True,True
2024-04-19,1946.4454620000001,9635.940571428573,35,1713504600.0,66.0,Greed,-2777.928828714286,66.0,6089.728029529981,True,True
2024-04-20,0.0,2760.601818181818,22,1713591000.0,66.0,Greed,-2693.2651374285715,50.714285714285715,5994.522098794051,False,False
2024-04-22,0.0,5332.623333333333,9,1713763800.0,73.0,Greed,-3639.186816714286,39.285714285714285,5975.569011581638,False,False
2024-04-23,1119.536196,3531.1348484848486,66,1713850200.0,71.0,Greed,1678.462999857143,33.42857142857143,5599.960545343825,True,True
2024-04-24,279.185907,7063.762,20,1713936600.0,72.0,Greed,1179.1911694285716,30.428571428571427,5594.74469865393,True,True
2024-04-25,0.0,1624.8785135135136,74,1714023000.0,72.0,Greed,826.6622807142857,34.285714285714285,5273.960869277441,False,False
2024-04-26,0.0,1662.7633333333335,3,1714109400.0,70.0,Greed,477.88108071428576,32.714285714285715,4515.957774039345,False,False
2024-04-27,4281.488139,5713.498888888889,27,1714195800.0,67.0,Greed,811.458606,31.571428571428573,3955.608962247962,True,True
2024-04-28,0.0,758.3724137931034,58,1714282200.0,65.0,Greed,811.458606,36.714285714285715,3669.5761901924316,False,False
2024-04-29,526.9338359999999,2415.5335555555553,45,1714368600.0,67.0,Greed,886.7348682857144,41.857142857142854,3252.8490790813207,True,True
2024-04-30,0.0,5209.114583333333,24,1714455000.0,67.0,Greed,726.8011260000001,35.857142857142854,3492.5604697739614,False,False
2024-05-01,0.0,6216.103571428571,14,1714541400.0,54.0,Neutral,686.917425,35.0,3371.466408549472,False,False
2024-05-03,5306.017045,7852.295833333333,36,1714714200.0,48.0,Neutral,1444.91986,29.571428571428573,4261.097454238016,True,True
2024-05-04,0.0,6555.416666666667,9,1714800600.0,67.0,Greed,1444.91986,30.428571428571427,4960.047930428494,False,False
2024-05-05,0.916,4011.391666666667,6,1714887000.0,69.0,Greed,833.4095544285714,27.428571428571427,4716.889755825318,True,True
2024-05-06,968.59038,22890.714444444442,9,1714973400.0,71.0,Greed,971.7796087142857,20.428571428571427,7878.652903061224,True,True
2024-05-07,883.537693,6039.865555555556,18,1715059800.0,68.0,Greed,1022.7230168571429,16.571428571428573,8396.414617346938,True,True
2024-05-08,1.56576,5074.89,13,1715146200.0,64.0,Greed,1022.9466968571429,15.0,8377.23967687075,True,True
2024-05-09,1147.595856,7927.361428571428,28,1715232600.0,55.0,Greed,1186.8889619999998,17.0,8621.705085034013,True,True
2024-05-10,2101.741695,7131.0,22,1715319000.0,66.0,Greed,729.1353405714286,15.0,8518.662823129253,True,True
2024-05-11,251.604742,7027.661111111111,9,1715405400.0,53.0,Neutral,765.0788751428572,15.0,8586.126315192743,True,True
2024-05-12,0.0,2399.111304347826,23,1715491800.0,56.0,Greed,764.9480179999999,17.428571428571427,8355.800549147194,False,False
2024-05-13,2136.853859,6897.103571428571,28,1715578200.0,57.0,Greed,931.8428007142858,20.142857142857142,6070.998995859213,True,True
2024-05-14,1150.5233050000002,6341.452173913043,23,1715664600.0,66.0,Greed,969.9836024285714,20.857142857142858,6114.082798481711,True,True
2024-05-15,948.970582,6525.626944444444,36,1715751000.0,64.0,Greed,1105.3271484285713,24.142857142857142,6321.330933402345,True,True
2024-05-16,214.5898,6022.998518518518,27,1715837400.0,70.0,Greed,972.0405689999999,24.0,6049.279089109073,True,True
2024-05-18,3522.3946610000003,5052.1256,25,1716010200.0,73.0,Greed,1174.9909927142858,24.428571428571427,5752.297031966215,True,True
2024-05-19,0.0,3749.76125,8,1716096600.0,72.0,Greed,1139.0474581428573,24.285714285714285,5284.025623236057,False,False
2024-05-20,-74.818442,3812.475,10,1716183000.0,70.0,Greed,1128.3591092857143,22.428571428571427,5485.93472261494,False,False
2024-05-21,7289.397571999999,8807.588720000002,125,1716269400.0,76.0,Extreme Greed,1864.4367825714285,36.285714285714285,5758.861172410858,True,True
2024-05-22,0.0,7499.215,6,1716355800.0,76.0,Extreme Greed,1700.0763104285713,33.857142857142854,5924.255861851852,False,False
2024-05-23,413.347329,1236.4633846153845,325,1716442200.0,76.0,Extreme Greed,1623.5587028571426,75.14285714285714,5168.661067590559,True,True
2024-05-24,821.949278,25405.949999999997,2,1716528600.0,74.0,Greed,1710.3243425714284,71.57142857142857,7937.654136373626,True,True
2024-05-25,14.126038999999999,1874.4456249999998,16,1716615000.0,76.0,Extreme Greed,1209.1431108571428,70.28571428571429,7483.699854230769,True,True
2024-05-26,778.6839,3373.541875,16,1716701400.0,75.0,Extreme Greed,1320.383668,71.42857142857143,7429.95422923077,True,True
2024-05-27,1129.35587,602.0546613545816,251,1716787800.0,74.0,Greed,1492.4085697142855,105.85714285714286,6971.322752281424,True,True
2024-05-29,277.791953,513.8339024390243,164,1716960600.0,72.0,Greed,490.7506241428572,111.42857142857143,5786.500635486998,True,True
2024-05-30,20.951433,405.4414285714286,7,1717047000.0,73.0,Greed,493.74368599999997,111.57142857142857,4773.104410997204,True,True
2024-05-31,25.35812,279.70307692307694,13,1717133400.0,73.0,Greed,438.31665614285714,67.0,4636.424367041158,True,True
2024-06-01,91.510419,513.3848,25,1717219800.0,72.0,Greed,333.96824771428567,70.28571428571429,1080.3436241840159,True,True
2024-06-02,192.906947,316.822688172043,93,1717306200.0,73.0,Greed,359.5083774285714,81.28571428571429,857.8260617800221,True,True
2024-06-03,562.808208,306.66942857142857,70,1717392600.0,73.0,Greed,328.6689928571429,89.0,419.70142657594045,True,True
2024-06-04,52.211438,457.42283018867926,53,1717479000.0,73.0,Greed,174.79121685714287,60.714285714285715,399.03973640938295,True,True
2024-06-05,56.055506,469.4587037037037,54,1717565400.0,75.0,Extreme Greed,143.11458157142857,45.0,392.70042230433717,True,True
2024-06-06,274.173187,587.8536752136753,234,1717651800.0,78.0,Extreme Greed,179.28911785714286,77.42857142857143,418.7593146818009,True,True
2024-06-07,8902.467416,2496.7926363636366,440,1717738200.0,77.0,Extreme Greed,1447.4475887142855,138.42857142857142,735.486394601881,True,True
2024-06-08,129.13883900000002,3356.961379310345,29,1717824600.0,72.0,Greed,1452.823077285714,139.0,1141.7116202176444,True,True
2024-06-09,0.0,1318.2482352941176,17,1717911000.0,75.0,Extreme Greed,1425.2649419999998,128.14285714285714,1284.7724126636551,False,False
2024-06-10,31.266804999999998,879.0175471698113,53,1717997400.0,72.0,Greed,1349.3304558571429,125.71428571428571,1366.5364296062812,True,True
2024-06-11,4320.631811,3034.7960975609753,123,1718083800.0,74.0,Greed,1959.1047948571427,135.71428571428572,1734.7326106594664,True,True
2024-06-12,-21886.531493,761.4486614173228,254,1718170200.0,72.0,Greed,-1175.5504907142856,164.28571428571428,1776.445461761412,False,False
2024-06-13,6632.757115,1678.1926582278481,79,1718256600.0,70.0,Greed,-267.181358142857,142.14285714285714,1932.2081736205796,True,True
2024-06-14,10258.592609,4511.892258064517,31,1718343000.0,74.0,Greed,-73.4491877142856,83.71428571428571,2220.0795481492764,True,True
2024-06-15,3369.958346,9209.61858974359,78,1718429400.0,74.0,Greed,389.5250275714287,90.71428571428571,3056.173435354026,True,True
2024-06-16,0.0,2294.0981818181817,11,1718515800.0,71.0,Greed,389.52502757142867,89.85714285714286,3195.5805705717494,False,False
2024-06-17,10599.502375,9694.213684210526,38,1718602200.0,71.0,Greed,1899.272966142857,87.71428571428571,4454.894304434709,True,True
2024-06-18,282.57636,10532.5916,25,1718688600.0,74.0,Greed,1322.4079017142856,73.71428571428571,5526.007947640283,True,True
2024-06-19,4887.656944,6837.231475409836,61,1718775000.0,64.0,Greed,5147.291964142857,46.142857142857146,6393.976921067785,True,True
2024-06-20,57478.456026,5333.097435897435,39,1718861400.0,60.0,Greed,12410.963237142856,40.42857142857143,6916.1061750205845,True,True
2024-06-21,773.5582039999999,2203.306125,80,1718947800.0,63.0,Greed,11055.958322142857,47.42857142857143,6586.308156011367,True,True
2024-06-22,756.876565,7066.427916666667,24,1719034200.0,53.0,Neutral,10682.660924857144,39.714285714285715,6280.138059857521,True,True
2024-06-23,0.0,358.424,5,1719120600.0,55.0,Greed,10682.660924857144,38.857142857142854,6003.613176740638,False,False
2024-06-24,0.0,13000.090322580645,31,1719207000.0,51.0,Neutral,9168.446299857143,37.857142857142854,6475.881267936369,False,False
2024-06-25,4869.353105,2104.062857142857,49,1719293400.0,30.0,Fear,9823.700120571428,41.285714285714285,5271.805733242492,True,True
2024-06-26,4197.732182,5072.092500000001,72,1719379800.0,46.0,Neutral,9725.139440285713,42.857142857142854,5019.643022469658,True,True
2024-06-27,0.0,4349.565,30,1719466200.0,40.0,Fear,1513.9314365714285,41.57142857142857,4879.138388770024,False,False
2024-06-29,6150.326145,3734.6014666666665,75,1719639000.0,30.0,Fear,2282.041142428571,40.857142857142854,5097.894866150977,True,True
2024-06-30,0.0,2180.049285714286,14,1719725400.0,47.0,Neutral,2173.915918857143,39.42857142857143,4399.840776014922,False,False
2024-07-01,5065.839308,5666.721093749999,64,1719811800.0,53.0,Neutral,2897.6072485714285,47.857142857142854,5158.168932264923,True,True
2024-07-02,2421.253116,1852.6372222222224,18,1719898200.0,51.0,Neutral,3243.5005508571426,46.0,3565.675632213719,True,True
2024-07-03,1118.387284,9977.814444444444,18,1719984600.0,50.0,Neutral,2707.648290714286,41.57142857142857,4690.4972875425165,True,True
2024-07-04,0.0,17222.720400000002,25,1720071000.0,44.0,Fear,2107.9722647142858,34.857142857142854,6426.301273256803,False,False
2024-07-05,0.0,8509.0590625,32,1720157400.0,29.0,Fear,2107.9722647142858,35.142857142857146,7020.514710756803,False,False
2024-07-06,108.87217799999999,103.75708333333334,24,1720243800.0,26.0,Fear,1244.9074122857141,27.857142857142858,6501.822655994898,True,True
2024-07-07,61.428942,49.875,10,1720330200.0,29.0,Fear,1253.6829754285716,27.285714285714285,6197.512043750001,True,True
2024-07-08,0.0,497.64,1,1720416600.0,28.0,Fear,529.9916457142857,18.285714285714285,5459.0718875,False,False
2024-07-09,648.984412,182.42999999999998,15,1720503000.0,27.0,Fear,276.81040228571425,17.857142857142858,5220.470855753969,True,True
2024-07-10,11977.734907,12283.93232142857,56,1720589400.0,28.0,Fear,1828.145777,23.285714285714285,5549.916266751701,True,True
2024-07-11,1876.812082,8941.422105263156,19,1720675800.0,29.0,Fear,2096.2617887142856,22.428571428571427,4366.8736532178655,True,True
2024-07-12,1412.314654,4714.893157894737,19,1720762200.0,25.0,Fear,2298.021025,20.571428571428573,3824.8499525599714,True,True
2024-07-13,2913.617837,8187.599411764706,17,1720848600.0,25.0,Fear,2698.6989762857143,19.571428571428573,4979.6845709073095,True,True
2024-07-14,0.0,12000.16142857143,7,1720935000.0,33.0,Fear,2689.923413142857,19.142857142857142,6686.868346417514,False,False
2024-07-15,-1.0,7628.6480769230775,26,1721021400.0,52.0,Neutral,2689.780556,22.714285714285715,7705.583785977954,False,False
2024-07-16,0.0,6545.480454545454,22,1721107800.0,65.0,Greed,2597.0684971428573,23.714285714285715,8614.590993770162,False,False
2024-07-17,1859.269477,1783.4915384615385,351,1721194200.0,69.0,Greed,1151.5734357142858,65.85714285714286,7114.5280247748715,True,True
2024-07-18,3803.884311,10828.414166666666,60,1721280600.0,61.0,Greed,1426.8694684285713,71.71428571428571,7384.098319261087,True,True
2024-07-19,2155.891114,6533.453043478262,23,1721367000.0,60.0,Greed,1533.0946769999998,72.28571428571429,7643.892588630161,True,True
2024-07-20,2299.169566,918.65492481203,266,1721453400.0,74.0,Greed,1445.3163525714285,107.85714285714286,6605.471947636923,True,True
2024-07-21,-2960.716887,523.0077232142856,448,1721539800.0,74.0,Greed,1022.3567972857143,170.85714285714286,4965.87856115733,False,False
2024-07-22,1517.119876,1975.4142857142856,154,1721626200.0,70.0,Greed,1239.2310652857143,189.14285714285714,4158.273733841789,True,True
2024-07-23,89890.302206,968.9906486486486,370,1721712600.0,71.0,Greed,14080.702808999999,238.85714285714286,3361.6323329993875,True,True
2024-07-24,625.561479,768.977,90,1721799000.0,69.0,Greed,13904.458809285714,201.57142857142858,3216.701684647739,True,True
2024-07-25,916.7382600000001,6776.350128205129,78,1721885400.0,68.0,Greed,13492.009373428571,204.14285714285714,2637.835393438949,True,True
2024-07-26,2766.513113,3609.1292763157894,152,1721971800.0,68.0,Greed,13579.241087571429,222.57142857142858,2220.0748552728815,True,True
2024-07-27,6400.623656,15880.697368421053,57,1722058200.0,72.0,Greed,14165.16310042857,192.71428571428572,4357.509490074171,True,True
2024-07-28,587.29903,2703.4175,16,1722144600.0,71.0,Greed,14672.022517142856,131.0,4668.996601043558,True,True
2024-07-29,330.80445399999996,8389.72153846154,39,1722231000.0,74.0,Greed,14502.54888542857,114.57142857142857,5585.32620857888,True,True
2024-07-30,0.0,6001.078333333334,6,1722317400.0,67.0,Greed,1661.0771417142857,62.57142857142857,6304.1958778195485,False,False
2024-07-31,765.690884,1965.2683720930231,43,1722403800.0,61.0,Greed,1681.095628142857,55.857142857142854,6475.094645261409,True,True
2024-08-01,167.080017,3996.044385964912,57,1722490200.0,52.0,Neutral,1574.0015934285714,52.857142857142854,6077.908110655664,True,True
2024-08-02,782.3681909999999,6290.799523809524,63,1722576600.0,57.0,Greed,1290.5523188571426,40.142857142857146,6461.003860297627,True,True
2024-08-03,464.1897,7852.239459459459,37,1722663000.0,37.0,Fear,442.49032514285716,37.285714285714285,5314.081301874541,True,True
2024-08-04,-122672.000883,9509.795826771655,127,1722749400.0,34.0,Fear,-17165.981091,53.142857142857146,6286.42106284192,False,False
2024-08-05,-13013.665169,5256.1925,80,1722835800.0,26.0,Fear,-19072.333894285715,59.0,5838.774057347416,False,False
2024-08-06,267.318048,574.5642990654205,107,1722922200.0,17.0,Extreme Fear,-19034.14560171429,73.42857142857143,5063.557766737713,True,True
2024-08-07,188.789255,75.53848484848484,33,1723008600.0,29.0,Fear,-19116.560120142858,72.0,4793.596354274208,True,True
2024-08-08,-40.712216999999995,1811.038888888889,9,1723095000.0,20.0,Extreme Fear,-19146.244725,65.14285714285714,4481.452711834776,False,False
2024-08-09,18082.071276,3494.4781944444444,144,1723181400.0,48.0,Neutral,-16674.85857,76.71428571428571,4081.9782362111932,True,True
2024-08-10,0.0,128.8555681818182,88,1723267800.0,40.0,Fear,-16741.171384285717,84.0,2978.637680314387,False,False
2024-08-11,847.7766200000001,1842.9254166666667,24,1723354200.0,39.0,Fear,904.5111161428571,69.28571428571429,1883.3704788708178,True,True
2024-08-12,858.6705000000001,1128.4858333333334,48,1723440600.0,25.0,Fear,2886.2733545714286,64.71428571428571,1293.6980979184368,True,True
2024-08-13,212.08102,904.2552173913043,23,1723527000.0,31.0,Fear,2878.382350571428,52.714285714285715,1340.7968005364203,True,True
2024-08-14,2168.9015130000003,2668.4012,25,1723613400.0,30.0,Fear,3161.255530285714,51.57142857142857,1711.205759843779,True,True
2024-08-15,0.0,126.86416666666668,12,1723699800.0,29.0,Fear,3167.071561285714,52.0,1470.6093709548907,False,False
2024-08-16,825.230544,4753.795428571429,35,1723786200.0,27.0,Fear,701.8085995714288,36.42857142857143,1650.511832973031,True,True
2024-08-17,-288.283113,1008.2986666666667,30,1723872600.0,25.0,Fear,660.6252977142858,28.142857142857142,1776.1465613280095,False,False
2024-08-18,307.201888,4186.965333333334,15,1723959000.0,31.0,Fear,583.400336,26.857142857142858,2111.0094065661046,True,True
2024-08-19,339.69958299999996,12539.37875,8,1724045400.0,28.0,Fear,509.2616335714286,21.142857142857142,3741.1369660899145,True,True
2024-08-20,192.602844,4159.566666666667,12,1724131800.0,30.0,Fear,506.47903700000006,19.571428571428573,4206.181458843538,True,True
2024-08-21,656.200925,724.0717931034483,145,1724218200.0,26.0,Fear,290.37895299999997,36.714285714285715,3928.420115001173,True,True
2024-08-23,1005.30527,6350.956,10,1724391000.0,34.0,Fear,433.9939915714285,36.42857142857143,4817.5760911916495,True,True
2024-08-24,0.0,4999.952857142857,7,1724477400.0,56.0,Greed,316.1039138571428,32.42857142857143,4852.741438130425,False,False
2024-08-25,0.0,1291.1929411764704,17,1724563800.0,54.0,Neutral,357.2872157142857,30.571428571428573,4893.154905917539,False,False
2024-08-26,231.236918,15435.211666666668,6,1724650200.0,55.0,Greed,346.4350771428571,29.285714285714285,6500.047239250874,True,True
2024-08-27,0.0,1405.0032,50,1724736600.0,48.0,Neutral,297.90656528571424,35.285714285714285,4909.4221606794445,False,False
2024-08-28,1333.359645,7906.674444444444,9,1724823000.0,30.0,Fear,460.8718225714286,34.857142857142854,5444.723271790555,True,True
2024-08-29,0.0,9995.85,1,1724909400.0,29.0,Fear,367.1288332857143,14.285714285714286,6769.26301563292,False,False
2024-08-30,256.464,6205.54,6,1724995800.0,34.0,Fear,260.151509,13.714285714285714,6748.489301347206,True,True
2024-08-31,10.882801,3161.983235294118,34,1725082200.0,29.0,Fear,261.70619485714286,17.571428571428573,6485.922212511672,True,True
2024-09-01,137.433093,1029.9733333333334,12,1725168600.0,26.0,Fear,281.3394938571429,16.857142857142858,6448.605125676938,True,True
2024-09-02,0.0,15000.21,2,1725255000.0,26.0,Fear,248.30564842857143,16.285714285714285,6386.462030438843,False,False
2024-09-04,1065.785132,3867.0873529411765,34,1725427800.0,27.0,Fear,400.56066728571426,14.0,6738.188338001868,True,True
2024-09-05,0.0,0.84,1,1725514200.0,29.0,Fear,210.080718,12.857142857142858,5608.783417366946,False,False
2024-09-06,-1104.856765,929.6928571428571,42,1725600600.0,22.0,Extreme Fear,52.244037285714285,18.714285714285715,4313.618111244497,False,False
2024-09-08,0.0,0.11,1,1725773400.0,29.0,Fear,15.606323,18.0,3427.128111244498,False,False
2024-09-09,0.0,2007.2150000000001,2,1725859800.0,26.0,Fear,14.051637142857142,13.428571428571429,3262.1612204881953,False,False
2024-09-10,-219.729659,849.0933333333334,3,1725946200.0,33.0,Fear,-36.971613142857144,12.142857142857142,3236.3212204881956,False,False
2024-09-11,0.0,0.54,1,1726032600.0,37.0,Fear,-36.971613142857144,12.0,1093.5112204881952,False,False
2024-09-14,0.0,92.25454545454546,11,1726291800.0,50.0,Neutral,-189.22663200000002,8.714285714285714,554.249390847248,False,False
2024-09-18,-878.684794,94.02413793103449,145,1726637400.0,45.0,Neutral,-314.75303114285714,29.285714285714285,567.5614105516814,False,False
2024-09-19,0.0,80.09842105263158,19,1726723800.0,49.0,Neutral,-156.91635042857143,26.0,446.19077682450643,False,False
2024-09-20,9585.03428,20804.58625,16,1726810200.0,54.0,Neutral,1212.3742610000002,28.142857142857142,3418.258812538792,True,True
2024-09-21,36165.56933,7202.092173913044,23,1726896600.0,54.0,Neutral,6378.8841652857145,31.142857142857142,4160.384123097798,True,True
2024-09-22,0.0,6666.579999999999,3,1726983000.0,52.0,Neutral,6410.274116571428,31.142857142857142,4991.453646907322,False,False
2024-09-23,334.760796,20167.145,2,1727069400.0,50.0,Neutral,6458.097087428571,31.285714285714285,7872.397218335893,True,True
2024-09-24,0.0,711.863,10,1727155800.0,54.0,Neutral,6458.097087428571,31.142857142857142,7960.912711842386,False,False
2024-09-25,0.0,5861.570000000001,9,1727242200.0,59.0,Greed,6583.623486571429,11.714285714285714,8784.847834995095,False,False
2024-09-26,439.812513,14213.991250000001,8,1727328600.0,50.0,Neutral,6646.453845571428,10.142857142857142,10803.975381987577,True,True
2024-09-27,0.0,2251.732857142857,56,1727415000.0,61.0,Greed,5277.163234142857,15.857142857142858,8153.567754436556,False,False
2024-09-28,0.0,7299.8025,4,1727501400.0,64.0,Greed,110.65332985714288,13.142857142857142,8167.52637244898,False,False
2024-09-30,2710.626288,2025.1872641509435,106,1727674200.0,61.0,Greed,497.8856567142857,27.857142857142858,7504.470267327685,True,True
2024-10-01,0.0,34988.58,4,1727760600.0,50.0,Neutral,450.06268585714287,28.142857142857142,9621.818124470543,False,False
2024-10-02,0.0,24988.585,4,1727847000.0,42.0,Fear,450.06268585714287,27.285714285714285,13089.921267327687,False,False
2024-10-03,100.375782,14770.632222222222,9,1727933400.0,37.0,Fear,464.40208328571435,27.285714285714285,14362.64444193086,True,True
2024-10-04,0.0,0.34,1,1728019800.0,41.0,Fear,401.57172428571437,26.285714285714285,12332.122834788004,False,False
2024-10-05,5767.161892,16367.722702702702,37,1728106200.0,49.0,Neutral,1225.4519945714287,23.571428571428573,14348.692812725125,True,True
2024-10-06,130.487079,13642.298181818182,22,1728192600.0,50.0,Neutral,1244.093005857143,26.142857142857142,15254.763624413436,True,True
2024-10-07,0.0,10475.459523809524,21,1728279000.0,50.0,Neutral,856.8606790000002,14.0,16461.94537579323,False,False
2024-10-08,5396.546638,12071.781388888889,36,1728365400.0,49.0,Neutral,1627.7959130000002,18.571428571428573,13188.11700277736,True,True
2024-10-09,396.06272,15742.852142857142,14,1728451800.0,49.0,Neutral,1684.3763015714287,20.0,11867.298023185522,True,True
2024-10-10,0.0,18751.521249999998,16,1728538200.0,39.0,Fear,1670.036904142857,21.0,12435.996455725206,False,False
2024-10-11,8885.327477,18804.007307692307,26,1728624600.0,32.0,Fear,2939.3694008571433,24.571428571428573,15122.234642538391,True,True
2024-10-12,541.55471,15971.34,10,1728711000.0,49.0,Neutral,2192.8540891428574,20.714285714285715,15065.608542152291,True,True
2024-10-13,0.0,6000.242,10,1728797400.0,50.0,Neutral,2174.213077857143,19.0,13973.88623046398,False,False
2024-10-14,1913.61958,12383.204000000002,5,1728883800.0,48.0,Neutral,2447.587303571429,16.714285714285715,14246.421155634049,True,True
2024-10-15,1170.2260760000001,11596.194285714286,7,1728970200.0,65.0,Greed,1843.8272232857146,12.571428571428571,14178.48014089482,True,True
2024-10-16,219.480876,7293.560909090909,11,1729056600.0,73.0,Greed,1818.6012455714288,12.142857142857142,12971.438536071073,True,True
2024-10-17,36.11496,15614.638888888889,9,1729143000.0,71.0,Greed,1823.760525571429,11.142857142857142,12523.312484483771,True,True
2024-10-18,333.219141,20055.238333333335,6,1729229400.0,73.0,Greed,602.0307632857146,8.285714285714286,12702.059773861058,True,True
2024-10-19,0.0,24999.215,4,1729315800.0,72.0,Greed,524.6658047142861,7.428571428571429,13991.756202432489,False,False
2024-10-20,389.155797,1837.9985416666668,96,1729402200.0,73.0,Greed,580.2594900000003,19.714285714285715,13397.149994099154,True,True
2024-10-21,2464.915564,1873.5143930635838,173,1729488600.0,72.0,Greed,659.0160591428574,43.714285714285715,11895.76576453681,True,True
2024-10-22,0.0,20000.12,3,1729575000.0,70.0,Greed,491.8409054285717,43.142857142857146,13096.32658086334,False,False
2024-10-23,-46.489941,11667.003888888888,18,1729661400.0,71.0,Greed,453.84507442857176,44.142857142857146,13721.104149405908,False,False
2024-10-25,13235.862071,14262.772666666666,30,1729834200.0,72.0,Greed,2339.5232331428574,47.142857142857146,13527.980403374162,True,True
2024-10-26,42471.99413,14778.143333333333,6,,,,8359.34823157143,47.142857142857146,12774.10968908845,True,True
2024-10-27,666.6623079999999,22666.1025,4,1730007000.0,74.0,Greed,8454.585704142857,47.142857142857146,12440.807903374163,True,True
2024-10-28,167.28016200000002,9345.788461538461,13,1730093400.0,72.0,Greed,8422.889184857142,35.285714285714285,13513.349320498706,True,True
2024-10-29,801.170876,11571.09075471698,53,1730179800.0,72.0,Greed,8185.211372285713,18.142857142857142,14898.717372163475,True,True
2024-10-30,9.150023,473.23400000000004,25,1730266200.0,77.0,Extreme Greed,8186.518518428571,21.285714285714285,12109.162229306332,True,True
2024-10-31,1214.043811,18670.278333333332,48,1730352600.0,77.0,Extreme Greed,8366.594768714285,25.571428571428573,13109.630007084112,True,True
2024-11-01,1040.475736,11347.001304347827,23,1730439000.0,75.0,Extreme Greed,6624.396720857143,24.571428571428573,12693.091241038563,True,True
2024-11-02,0.0,20000.0,2,1730525400.0,72.0,Greed,556.968988,24.0,13439.070764848087,False,False
2024-11-03,0.0,21509.27666666667,6,1730611800.0,74.0,Greed,461.73151542857147,24.285714285714285,13273.809931514754,False,False
2024-11-04,2799.410474,12550.332499999999,36,1730698200.0,70.0,Greed,837.7501314285715,27.571428571428573,13731.601937009258,True,True
2024-11-05,678.4759280000001,20062.723,10,1730784600.0,70.0,Greed,820.2222817142857,21.428571428571427,14944.692257763976,True,True
2024-11-06,2817.83723,8260.46,15,1730871000.0,70.0,Greed,1221.4633112857143,20.0,16057.153114906832,True,True
2024-11-07,4493.353136,985.2681415929204,113,1730957400.0,77.0,Extreme Greed,1689.936072,29.285714285714285,13530.723087515345,True,True
2024-11-08,-64.41354100000007,6941.036923076923,39,1731043800.0,75.0,Extreme Greed,1532.0947467142855,31.571428571428573,12901.299604476644,False,False
2024-11-09,102.90894,2248.655930232558,86,1731130200.0,75.0,Extreme Greed,1546.796023857143,43.57142857142857,10365.393308795581,True,True
2024-11-10,991.114334,2390.963583815029,173,1731216600.0,78.0,Extreme Greed,1688.3837858571428,67.42857142857143,7634.20572553106,True,True
2024-11-11,6749.630996,4210.649919571046,373,1731303000.0,76.0,Extreme Greed,2252.7010032857143,115.57142857142857,6442.822499755495,True,True
2024-11-12,3494.399394,7171.663859649123,171,1731389400.0,80.0,Extreme Greed,2654.9757841428573,138.57142857142858,4601.242622562514,True,True
2024-11-13,7846.402274,10736.174375,48,1731475800.0,84.0,Extreme Greed,3373.3422189999997,143.28571428571428,4954.916104705371,True,True
2024-11-14,4563.509225,9166.925545454545,110,1731562200.0,88.0,Extreme Greed,3383.364517428571,142.85714285714286,6123.724305257033,True,True
2024-11-15,4140.740438,9582.942416107382,149,1731648600.0,80.0,Extreme Greed,3984.1008001428568,158.57142857142858,6501.139375689954,True,True
2024-11-16,2769.521909,1931.822101910828,157,1731735000.0,86.0,Extreme Greed,4365.045510000001,168.71428571428572,6455.877400215422,True,True
2024-11-17,882.975285,5818.122344497608,209,1731821400.0,90.0,Extreme Greed,4349.597074428571,173.85714285714286,6945.471508884361,True,True
2024-11-18,4470.815187,6024.102832369942,346,1731907800.0,83.0,Extreme Greed,4024.051958857143,170.0,7204.536210712775,True,True
2024-11-19,2958.268991,2059.118524590164,305,1731994200.0,90.0,Extreme Greed,3947.4619012857142,189.14285714285714,6474.172591418639,True,True
2024-11-20,4210.0928969999995,3635.480218181818,550,1732080600.0,83.0,Extreme Greed,3427.9891331428566,260.85714285714283,5459.787711873184,True,True
2024-11-21,1692.430891,1118.3189158878504,535,1732167000.0,82.0,Extreme Greed,3017.8350854285713,321.57142857142856,4309.986764792227,True,True
2024-11-22,-18105.345617,2425.2041531664213,679,1732253400.0,94.0,Extreme Greed,-160.1772081428566,397.2857142857143,3287.4527272292326,False,False
2024-11-23,2901.531638,1422.1644077134986,363,1732339800.0,93.0,Extreme Greed,-141.31867542857103,426.7142857142857,3214.6444852010427,True,True
2024-11-24,945.550386,3866.001627906977,172,1732426200.0,80.0,Extreme Greed,-132.3793752857139,421.42857142857144,2935.7700971166673,True,True
2024-11-25,5523.740734,3676.1210588235294,255,1732512600.0,82.0,Extreme Greed,18.038560000000352,408.42857142857144,2600.3441294671798,True,True
2024-11-26,1094.809359,3797.6901986754965,302,1732599000.0,79.0,Extreme Greed,-248.1699588571425,408.0,2848.71151147937,True,True
2024-11-27,-2654.495633,6780.481361502348,213,1732685400.0,75.0,Extreme Greed,-1228.8254631428567,359.85714285714283,3297.997389096589,False,False
2024-11-28,-127075.39958499999,5705.497439759036,332,1732771800.0,77.0,Extreme Greed,-19624.229816857143,330.85714285714283,3953.308606792472,False,False
2024-11-29,176844.994152,2021.0252162849874,393,1732858200.0,78.0,Extreme Greed,8225.818721571428,290.0,3895.568758666553,True,True
2024-11-30,37316.69352,4643.950938337802,373,1732944600.0,84.0,Extreme Greed,13142.270418999999,291.42857142857144,4355.823977327168,True,True
2024-12-01,40886.364494,1958.441875,416,1733031000.0,81.0,Extreme Greed,18848.10100585714,326.2857142857143,4083.3154411975997,True,True
2024-12-02,18489.604313,2167.568740740741,270,1733117400.0,80.0,Extreme Greed,20700.367231428572,328.42857142857144,3867.8079671857727,True,True
2024-12-03,23576.539285,2900.177887700535,374,1733203800.0,76.0,Extreme Greed,23912.042935142854,338.7142857142857,3739.5919227607783,True,True
2024-12-04,292891.815021,2411.5600313479626,319,1733290200.0,78.0,Extreme Greed,66132.94445714286,353.85714285714283,3115.460304167295,True,True
2024-12-05,71574.11848800001,2756.0324342105264,456,1733376600.0,84.0,Extreme Greed,94511.44703899999,371.57142857142856,2694.108160517508,True,True
2024-12-06,-92624.643895,8612.950918114144,403,1733463000.0,72.0,Greed,56015.78446085715,373.0,3635.811832207387,False,False
2024-12-07,85906.279067,1485.965197368421,304,1733549400.0,75.0,Extreme Greed,62957.15382471428,363.14285714285717,3184.6710120689045,True,True
2024-12-08,15965.933436,2221.2850476190474,420,1733635800.0,79.0,Extreme Greed,59397.092245,363.7142857142857,3222.2200367287683,True,True
2024-12-09,6310.967676,1825.5096103896105,539,1733722200.0,78.0,Extreme Greed,57657.28701114284,402.14285714285717,3173.354446678607,True,True
2024-12-10,39325.770231,1973.94992481203,1596,1733808600.0,78.0,Extreme Greed,59907.177146285714,576.7142857142857,3041.036166265963,True,True
2024-12-11,319051.554217,1796.9683292383293,1221,1733895000.0,74.0,Greed,63644.28274571429,705.5714285714286,2953.2373516788725,True,True
2024-12-12,599151.795008,2358.7939285714288,1932,1733981400.0,83.0,Extreme Greed,139012.52224857145,916.4285714285714,2896.4889937304297,True,True
2024-12-13,31935.901745,2455.9459846547315,1173,1734067800.0,76.0,Extreme Greed,156806.88591142857,1026.4285714285713,2016.9168603790854,True,True
2024-12-14,167801.399244,1918.6735060728743,1235,1734154200.0,83.0,Extreme Greed,168506.18879385715,1159.4285714285713,2078.7323330511504,True,True
2024-12-15,97525.315279,1522.256812021214,1697,1734240600.0,80.0,Extreme Greed,180157.52905714285,1341.857142857143,1978.871156537174,True,True
2024-12-16,166774.344133,2597.9231943127966,1055,1734327000.0,83.0,Extreme Greed,203080.86855100002,1415.5714285714287,2089.2159542404866,True,True
2024-12-17,219591.305172,2696.3408706852138,1941,1734413400.0,87.0,Extreme Greed,228833.08782828573,1464.857142857143,2192.4146607937982,True,True
2024-12-18,13682.994673,2658.423421973408,1429,1734499800.0,81.0,Extreme Greed,185209.00789342858,1494.5714285714287,2315.479674041667,True,True
2024-12-19,62744.004486000005,2468.316678646301,3339,1734586200.0,75.0,Extreme Greed,108579.32353314289,1695.5714285714287,2331.12578119522,True,True
2024-12-20,254969.660039,3087.3290635048234,2488,1734672600.0,74.0,Greed,140441.2890037143,1883.4285714285713,2421.3233638880897,True,True
2024-12-21,150022.163157,2607.302272456871,1681,1734759000.0,73.0,Greed,137901.3981341429,1947.142857142857,2519.6989019429466,True,True
2024-12-22,352197.163973,3988.7858139534887,774,1734845400.0,73.0,Greed,174283.0908047143,1815.2857142857142,2872.0601879332717,True,True
2024-12-23,-29430.626577,2885.333728163613,2347,1734931800.0,70.0,Greed,146253.8092747143,1999.857142857143,2913.1188356262455,False,False
2024-12-24,14813.780116,5227.917485207101,338,1735018200.0,73.0,Greed,116999.87712385715,1770.857142857143,3274.772637700801,True,True
2024-12-25,756.6570469999998,1672.5449519230767,208,1735104600.0,73.0,Greed,115153.25746300002,1596.4285714285713,3133.9328562650394,True,True
2024-12-26,60228.639722,3163.9062410329984,697,1735191000.0,79.0,Extreme Greed,114793.91963957144,1219.0,3233.3027937488528,True,True
2024-12-27,2672.811035,1338.126923076923,260,1735277400.0,74.0,Greed,78751.51263900001,900.7142857142857,2983.416773687725,True,True
2024-12-28,940.673623,1748.7888819875777,161,1735363800.0,72.0,Greed,57454.15699128573,683.5714285714286,2860.7720036206824,True,True
2024-12-29,2884.067927,1714.5698507462685,201,1735450200.0,73.0,Greed,7552.286127571445,601.7142857142857,2535.8840088767943,True,True
2024-12-30,9009.738137,3532.453059210526,304,1735536600.0,65.0,Greed,13043.766801000018,309.85714285714283,2628.3296275977814,True,True
2024-12-31,5445.01281,2866.551045751634,306,1735623000.0,64.0,Greed,11705.371471571445,305.2857142857143,2290.991564818429,True,True
2025-01-01,-9528.065345,2943.5635416666664,96,1735709400.0,66.0,Greed,10236.125415571443,289.2857142857143,2472.5656490675133,False,False
2025-01-02,8716.519087,2145.9136842105263,361,1735795800.0,70.0,Greed,2877.251039142874,241.28571428571428,2327.1381409500177,True,True
2025-01-03,6028.486793,1518.1279330708662,508,1735882200.0,74.0,Greed,3356.633290285731,276.7142857142857,2352.8525709491523,True,True
2025-01-04,2553.537968,4921.912722371967,371,1735968600.0,73.0,Greed,3587.042482428588,306.7142857142857,2806.1559767183508,True,True
2025-01-05,3187.719363,1890.977280334728,239,1736055000.0,72.0,Greed,3630.4212590000166,312.14285714285717,2831.3570380881306,True,True
2025-01-06,6064.185393,971.2512914485166,573,1736141400.0,76.0,Extreme Greed,3209.6280098571597,350.57142857142856,2465.471071264986,True,True
2025-01-07,16098.227531,2061.504081632653,637,1736227800.0,78.0,Extreme Greed,4731.515827142874,397.85714285714283,2350.4643621051323,True,True
2025-01-08,130117.090554,3058.0126852743024,1039,1736314200.0,70.0,Greed,24680.823812714305,532.5714285714286,2366.814239763366,True,True
2025-01-09,46975.928902,1955.427681992337,522,1736400600.0,69.0,Greed,30146.453786285732,555.5714285714286,2339.601953732196,True,True
2025-01-10,-10116.875552,7994.444053724053,819,1736487000.0,50.0,Neutral,27839.97345128573,600.0,3264.7899709683657,False,False
2025-01-11,2269.080536,5859.006042402827,283,1736573400.0,69.0,Greed,27799.336675285733,587.4285714285714,3398.660445258488,True,True
2025-01-12,5742.241803,3751.59330564784,602,1736659800.0,62.0,Greed,28164.268452428583,639.2857142857143,3664.4627345889326,True,True
2025-01-13,9655.429352,7197.666691176471,408,1736746200.0,61.0,Greed,28677.3033037143,615.7142857142857,4553.950648835784,True,True
2025-01-14,16069.512355,3187.5708,275,1736832600.0,63.0,Greed,28673.201135714302,564.0,4714.8173228882615,True,True
2025-01-15,14819.5883,6747.565131086143,267,1736919000.0,70.0,Greed,12202.129385142875,453.7142857142857,5241.896243718525,True,True
2025-01-16,20807.709328,8220.196657681941,371,1737005400.0,75.0,Extreme Greed,8463.812303142873,432.14285714285717,6136.863240245611,True,True
2025-01-17,7006.415608,4664.8338655462185,238,1737091800.0,75.0,Extreme Greed,10909.996754571444,349.14285714285717,5661.2046419344915,True,True
2025-01-18,443.2330819999997,4165.330076804916,651,1737178200.0,77.0,Extreme Greed,10649.161404000017,401.7142857142857,5419.250932563361,True,True
2025-01-19,87923.799302,6199.8821314613915,1567,1737264600.0,77.0,Extreme Greed,22389.383903857157,539.5714285714286,5769.006479108155,True,True
2025-01-20,87277.239173,6302.149817490495,1315,1737351000.0,76.0,Extreme Greed,33478.21387828573,669.1428571428571,5641.075497153014,True,True
2025-01-21,11077.839421,2874.961924528302,530,1737437400.0,76.0,Extreme Greed,32765.117744857158,705.5714285714286,5596.417086371344,True,True
2025-01-22,20524.408057,2137.5077283653845,832,1737523800.0,84.0,Extreme Greed,33580.091995857154,786.2857142857143,4937.837457411236,True,True
2025-01-23,101256.24216,3035.3273070607556,1218,1737610200.0,75.0,Extreme Greed,45072.73954328573,907.2857142857143,4197.141835893924,True,True
2025-01-24,10602.779738,1843.7453661327231,874,1737696600.0,75.0,Extreme Greed,45586.50584757144,998.1428571428571,3794.129193120567,True,True
2025-01-25,-10348.016255999999,2449.363043478261,506,1737783000.0,75.0,Extreme Greed,44044.89879928574,977.4285714285714,3548.9910455024733,False,False
2025-01-26,40823.466668,2663.3562305986693,451,1737869400.0,73.0,Greed,37316.279851571446,818.0,3043.7730596649417,True,True
2025-01-27,41331.765392,1950.8775032341528,773,1737955800.0,71.0,Greed,30752.640740000013,740.5714285714286,2422.1627290568927,True,True
2025-01-28,17979.613973,1163.4782530120483,498,1738042200.0,72.0,Greed,31738.608533142873,736.0,2177.665061697428,True,True
2025-01-29,23421.01147,2085.1795714285713,910,1738128600.0,72.0,Greed,32152.409020714305,747.1428571428571,2170.1896107064545,True,True
2025-01-30,23097.471385,2825.114498594189,1067,1738215000.0,70.0,Greed,20986.870338571443,725.5714285714286,2140.159209496945,True,True
2025-01-31,35868.296773,2739.578228346457,1016,1738301400.0,76.0,Extreme Greed,24596.229915000014,745.8571428571429,2268.135332670335,True,True
2025-02-01,32300.205017,2151.019621451104,634,1738387800.0,68.0,Greed,30688.832954000016,764.1428571428571,2225.514843809313,True,True
2025-02-02,162854.759623,4291.957763457164,1319,1738474200.0,60.0,Greed,48121.8748047143,888.1428571428571,2458.172205646241,True,True
2025-02-03,348871.326269,9492.815701680673,2380,1738560600.0,44.0,Fear,92056.09778714286,1117.7142857142858,3535.591948281458,True,True
2025-02-04,416876.88812,6241.404964171974,2512,1738647000.0,72.0,Greed,149041.42266528573,1405.4285714285713,4261.010049875733,True,True
2025-02-05,56706.235562,6741.1191287586735,1297,1738733400.0,54.0,Neutral,153796.4546784286,1460.7142857142858,4926.144272351462,True,True
2025-02-06,33803.799733,1655.0257604227834,1703,1738819800.0,49.0,Neutral,155325.93015671428,1551.5714285714287,4758.988738326975,True,True
2025-02-07,22450.002091,2270.5141338582675,1524,1738906200.0,44.0,Fear,153409.0309164286,1624.142857142857,4691.97958197152,True,True
2025-02-08,586.703253,1460.4086434782607,575,1738992600.0,44.0,Fear,148878.5306644286,1615.7142857142858,4593.320870832542,True,True
2025-02-09,150551.829492,3823.19332460733,764,1739079000.0,46.0,Neutral,147120.96921714288,1536.4285714285713,4526.354522425423,True,True
2025-02-10,63908.49465,4077.5685489313837,889,1739165400.0,43.0,Fear,106411.99327157145,1323.4285714285713,3752.7477863183817,True,True
2025-02-11,-6093.784817,3298.990766509434,848,1739251800.0,47.0,Neutral,45987.611423428585,1085.7142857142858,3332.402900938019,False,False
2025-02-12,19848.635032,4019.3739476236665,1031,1739338200.0,46.0,Neutral,40722.23991914287,1047.7142857142858,2943.582160775875,True,True
2025-02-13,27829.534238,2335.6585474452554,1370,1739424600.0,50.0,Neutral,39868.773419857156,1000.1428571428571,3040.8154160648,True,True
2025-02-14,213860.675308,2421.210525679758,1655,1739511000.0,48.0,Neutral,67213.15530800002,1018.8571428571429,3062.343472039298,True,True
2025-02-15,45042.92701,1837.8250536480687,932,1739597400.0,50.0,Neutral,73564.04441614287,1069.857142857143,3116.2601020635566,True,True
2025-02-16,2369.478425,1183.8144493392072,681,1739683800.0,54.0,Neutral,52395.13712085716,1058.0,2739.205977025253,True,True
2025-02-17,1818.573295,2158.3896280552603,941,1739770200.0,51.0,Neutral,43525.14835585716,1065.4285714285713,2465.0375597572356,True,True
2025-02-18,91204.672403,2011.413293556086,1676,1739856600.0,47.0,Neutral,57424.9279587143,1183.7142857142858,2281.0979207639,True,True
2025-02-19,14985.794701,2398.185334313005,1361,1739943000.0,44.0,Fear,56730.23648285716,1230.857142857143,2049.4995474338057,True,True
2025-02-20,46008.794102,2300.5016351888667,2012,1740029400.0,49.0,Neutral,59327.27360628574,1322.5714285714287,2044.4771313971792,True,True
2025-02-21,119693.49395,2120.747399893219,1873,1740115800.0,55.0,Greed,45874.81912657145,1353.7142857142858,2001.5538277133876,True,True
2025-02-22,25278.704178,4629.111078717201,686,1740202200.0,49.0,Neutral,43051.358722000026,1318.5714285714287,2400.308974151835,True,True
2025-02-23,10656.934251,2194.8283461538463,520,1740288600.0,50.0,Neutral,44235.28098285716,1295.5714285714287,2544.739530839641,True,True
2025-02-24,38470.176242,1998.5077617521367,5616,1740375000.0,49.0,Neutral,49471.22426100002,1963.4285714285713,2521.899264224909,True,True
2025-02-25,204762.177034,3108.3868651937237,6246,1740461400.0,25.0,Fear,65693.72492257145,2616.285714285714,2678.6097744588574,True,True
2025-02-26,63229.063129,4206.597049319727,1176,1740547800.0,21.0,Extreme Fear,72585.62041228575,2589.8571428571427,2936.954305174103,True,True
2025-02-27,-36525.167517,2247.0768876404495,890,1740634200.0,10.0,Extreme Fear,60795.05446671431,2429.5714285714284,2929.3221983814724,False,False
2025-02-28,225628.108748,4046.7721000981355,1019,1740720600.0,16.0,Extreme Fear,75928.57086642859,2307.5714285714284,3204.468584125031,True,True
2025-03-01,10596.108968,1516.230632183908,174,1740807000.0,20.0,Extreme Fear,73831.05726500002,2234.4285714285716,2759.771377477418,True,True
2025-03-02,66914.320708,12144.452518796992,532,1740893400.0,26.0,Fear,81867.82675885715,2236.1428571428573,4181.146259283582,True,True
2025-03-03,616413.032233,5563.151403508772,1482,1740979800.0,33.0,Fear,164431.09190042858,1645.5714285714287,4690.3810652488155,True,True
2025-03-04,182075.566585,4631.24360949209,2402,1741066200.0,15.0,Extreme Fear,161190.14755057145,1096.4285714285713,4907.932028720011,True,True
2025-03-05,269328.365917,5538.345915662651,1660,1741152600.0,20.0,Extreme Fear,190632.90509171432,1165.5714285714287,5098.181866769,True,True
2025-03-06,16101.125561,8901.743368421052,760,1741239000.0,25.0,Fear,198150.94696000003,1147.0,6048.848506880515,True,True
2025-03-07,150236.061627,7779.888510971787,2552,1741325400.0,34.0,Fear,187380.65451414287,1366.0,6582.150851291036,True,True
2025-03-08,24700.773359,1686.3582419659735,529,1741411800.0,28.0,Fear,189395.60657,1416.7142857142858,6606.454795545616,True,True
2025-03-09,19773.457395,7327.495070323488,1422,1741498200.0,27.0,Fear,182661.19752528574,1543.857142857143,5918.318017192259,True,True
2025-03-10,-10010.027269999999,5775.263029886637,2911,1741584600.0,20.0,Extreme Fear,93172.18902485716,1748.0,5948.619678103382,False,False
2025-03-11,-76880.729036,4265.657970176507,3286,1741671000.0,24.0,Extreme Fear,56178.43250757144,1874.2857142857142,5896.393158201157,False,False
2025-03-12,288105.984215,4692.071358366935,3968,1741757400.0,34.0,Fear,58860.94940728573,2204.0,5775.496792873198,True,True
2025-03-13,14114.870873,3415.375488565489,962,1741843800.0,45.0,Neutral,58577.19873757144,2232.8571428571427,4991.729952893831,True,True
2025-03-14,68646.160089,3641.261158371041,2210,1741930200.0,27.0,Fear,46921.49851785716,2184.0,4400.497473950867,True,True
2025-03-15,78694.624572,9025.86030651341,261,1742016600.0,46.0,Neutral,54634.90583400002,2145.714285714286,5448.9977688862145,True,True
2025-03-16,-7910.943544999999,19222.49341509434,530,1742103000.0,30.0,Fear,50679.99141400001,2018.2857142857142,7148.283246710622,False,False
2025-03-17,26163.906513,3905.320706521739,920,1742189400.0,32.0,Fear,55847.69624014287,1733.857142857143,6881.148629087066,True,True
2025-03-18,72322.788824,4856.901043165468,834,1742275800.0,34.0,Fear,77162.48450585715,1383.5714285714287,6965.611925228346,True,True
2025-03-19,29374.682341,2852.8620161290323,1612,1742362200.0,32.0,Fear,40200.8699524286,1047.0,6702.867733480074,True,True
2025-03-20,10246.859436,2143.0063942931256,771,1742448600.0,49.0,Neutral,39648.29689000002,1019.7142857142857,6521.100720012594,True,True
2025-03-21,6951.270374,3644.560730659026,698,1742535000.0,31.0,Fear,30834.741216428596,803.7142857142857,6521.572087482306,True,True
2025-03-22,12498.535254,1816.4662056074767,535,1742621400.0,32.0,Fear,21378.15702814288,842.8571428571429,5491.658644495744,True,True
2025-03-23,14047.421585,5802.057427293064,447,1742707800.0,30.0,Fear,24515.066332428592,831.0,3574.453503381276,True,True
2025-03-24,107878.961301,2938.254186952288,1027,1742794200.0,45.0,Neutral,36188.645587857165,846.2857142857143,3436.301143442783,True,True
2025-03-25,32030.90678,6792.060391908975,791,1742880600.0,46.0,Neutral,30432.662438714306,840.1428571428571,3712.75247897757,True,True
2025-03-26,15802.167427,2449.30830754352,3102,1742967000.0,47.0,Neutral,28493.731736714308,1053.0,3655.1019491796396,True,True
2025-03-27,58825.359221,4127.744535031847,785,1743053400.0,40.0,Fear,35433.51742028574,1055.0,3938.6359692851715,True,True
2025-03-28,21337.179335,2037.2151236263737,728,1743139800.0,44.0,Fear,37488.64727185717,1059.2857142857142,3709.0151682805067,True,True
2025-03-29,12098.872931,1936.7221911298839,1894,1743226200.0,26.0,Fear,37431.55265428573,1253.4285714285713,3726.1945947837075,True,True
2025-03-30,15795.11514,5019.146056338028,568,1743312600.0,32.0,Fear,37681.22316214287,1270.7142857142858,3614.350113218702,True,True
2025-03-31,6978.184557,4373.277717171717,495,1743399000.0,34.0,Fear,23266.826484428595,1194.7142857142858,3819.3534746786204,True,True
2025-04-01,-2202.6622420000003,3668.9853645833336,192,1743485400.0,34.0,Fear,18376.316624142877,1109.142857142857,3373.1998993463862,False,False
2025-04-02,202212.740938,3594.7310408921935,1076,1743571800.0,44.0,Fear,45006.39855428574,819.7142857142857,3536.8317183961963,True,True
2025-04-03,-2365.961276,4960.087614416476,1748,1743658200.0,25.0,Fear,36264.78134042859,957.2857142857143,3655.7378725940007,False,False
2025-04-04,-25515.678949999998,3015.3661399371067,1272,1743744600.0,28.0,Fear,29571.515871142878,1035.0,3795.473732066963,False,False
2025-04-05,35907.33771,3521.011722222222,360,1743831000.0,30.0,Fear,32972.72512528573,815.8571428571429,4021.8008079372967,True,True
2025-04-06,47053.449272,3388.59929389313,1048,1743917400.0,34.0,Fear,37438.20142985716,884.4285714285714,3788.865556159454,True,True
2025-04-07,34527.370305,5138.682707889126,2814,1744003800.0,23.0,Extreme Fear,41373.79939385717,1215.7142857142858,3898.209126261941,True,True
2025-04-08,34899.394798,9405.505196182397,943,1744090200.0,24.0,Extreme Fear,46674.0932567143,1323.0,4717.711959347522,True,True
2025-04-09,43120.444797,7198.589984875221,3967,1744176600.0,18.0,Extreme Fear,23946.62237942859,1736.0,5232.548951345097,True,True
2025-04-10,158261.822261,13512.90704748472,2127,1744263000.0,39.0,Fear,46893.44859900001,1790.142857142857,6454.380298926275,True,True
2025-04-11,126406.479081,10327.853166058394,1096,1744349400.0,25.0,Fear,68596.61403200003,1765.0,7499.021302657887,True,True
2025-04-12,410419.694533,26512.383826458037,2109,1744435800.0,43.0,Fear,122098.3792924286,2014.857142857143,10783.503031834432,True,True
2025-04-13,48696.021521,10727.596358819075,1321,1744522200.0,45.0,Neutral,122333.03247085716,2053.8571428571427,11831.931183966708,True,True
2025-04-14,45680.443063,14696.598853932584,890,1744608600.0,31.0,Fear,123926.3285791429,1779.0,13197.347776258632,True,True
2025-04-15,72357.706282,18348.51303271441,1131,1744695000.0,38.0,Fear,129277.51593400002,1805.857142857143,14474.920324334636,True,True
2025-04-16,58631.730257,22700.69396766169,1608,1744781400.0,29.0,Fear,131493.41385685717,1468.857142857143,16689.506607589843,True,True
2025-04-17,5427.919886,2526.238128031038,1031,1744867800.0,30.0,Fear,109659.99923185715,1312.2857142857142,15119.98247623932,True,True
2025-04-18,4880.4047439999995,12994.007634635693,1894,1744954200.0,33.0,Fear,92299.13146942858,1426.2857142857142,15500.861686036076,True,True
2025-04-19,71950.577495,11739.577426417804,2786,1745040600.0,32.0,Fear,43946.40046400001,1523.0,13390.460771744614,True,True
2025-04-20,25060.341936,6118.110015136226,1982,1745127000.0,37.0,Fear,40569.874809000015,1617.4285714285713,12731.962722647062,True,True
2025-04-21,34369.267906999994,24507.598859138536,1718,1745213400.0,39.0,Fear,38953.99264385716,1735.7142857142858,14133.5341519622,True,True
2025-04-22,58652.763578,11258.714222815212,2998,1745299800.0,47.0,Neutral,36996.143686142874,2002.4285714285713,13120.705750548028,True,True
2025-04-23,-419020.225731,4981.72492125345,6159,1745386200.0,72.0,Greed,-31239.850026428558,2652.5714285714284,10589.424458203994,False,False
2025-04-24,50704.395965,15720.841684587815,2232,1745472600.0,63.0,Greed,-24771.782015142842,2824.1428571428573,12474.367823426392,True,True
2025-04-25,20218.859206,16787.32957047792,1653,1745559000.0,60.0,Greed,-22580.57423485713,2789.714285714286,13016.270957118137,True,True
2025-04-26,-4125.753942,10564.215534924844,1131,1745645400.0,65.0,Greed,-33448.621582999986,2553.285714285714,12848.362115476284,False,False
2025-04-27,2702.067468,1446.6993768545994,337,1745731800.0,61.0,Greed,-36642.66079271427,2318.285714285714,12181.017738578912,True,True
2025-04-28,36906.813759,18944.83066715011,1379,1745818200.0,54.0,Neutral,-36280.15424242856,2269.8571428571427,11386.33656829485,True,True
2025-04-29,125749.613427,15198.177289344627,2243,1745904600.0,60.0,Greed,-26694.889978285697,2162.0,11949.117006370481,True,True
2025-04-30,14003.797269,11405.10229110512,1113,1745991000.0,56.0,Greed,35165.68473600001,1441.142857142857,12866.742344920718,True,True
2025-05-01,54536.829297000004,8715.642699186992,1230,1746077400.0,53.0,Neutral,35713.17521200002,1298.0,11865.9996327206,True,True
